Career_ID,Category,Career_Name,Min_Education,Preferred_Stream,Required_Degree,Entrance_Exams,Duration_Years,Key_Technical_Skills,Key_Soft_Skills,Entry_Salary_LPA,Mid_Salary_LPA,Senior_Salary_LPA,Job_Outlook,Top_Recruiters_India
C001,Healthcare,Cardiologist,PG Degree,Science PCB,"MBBS + MD Cardiology",NEET-PG,8-10,"Echocardiography, Cath Lab, ECG Interpretation","Precision, Empathy, Decision-making",12-18,25-40,50-80,Excellent,"AIIMS, Apollo, Fortis, Max Healthcare"
C002,Healthcare,Neurologist,PG Degree,Science PCB,"MBBS + MD Neurology",NEET-PG,8-10,"EEG, EMG, Neuroimaging, Stroke Management","Analytical thinking, Patience",10-15,20-35,40-60,Excellent,"AIIMS, Narayana Health, Apollo, Kokilaben"
C003,Healthcare,Orthopedic Surgeon,PG Degree,Science PCB,"MBBS + MS Ortho",NEET-PG,8-10,"Joint Replacement, Arthroscopy, Fracture Management","Manual dexterity, Stamina",10-14,18-30,35-55,Excellent,"AIIMS, Medanta, Apollo, Gangaram Hospital"
C004,Healthcare,Pediatrician,PG Degree,Science PCB,"MBBS + MD Pediatrics",NEET-PG,6-8,"Neonatal Care, Vaccination, Growth Assessment","Patience, Communication with children",6-10,12-20,20-35,Excellent,"AIIMS, Rainbow Hospitals, Cloudnine"
C005,Healthcare,Psychiatrist,PG Degree,Science PCB,"MBBS + MD Psychiatry",NEET-PG,6-8,"Psychotherapy, Psychopharmacology, CBT","Empathy, Active listening",6-9,12-18,20-30,Growing,"NIMHANS, AIIMS, Fortis, Mindful Counsellors"
C006,Healthcare,Physiotherapist,Bachelor's,Science PCB,BPT/MPT,University Entrance,4.5,"Therapeutic Exercises, Electrotherapy, Manual Therapy","Physical stamina, Empathy",3-5,6-9,10-15,Good,"Apollo, Fortis, CK Birla, Sports clinics"
C007,Healthcare,Clinical Psychologist,Master's,Any stream,"BA/MSc Psychology + MPhil","Entrance + Interview",6-7,"Psychological Assessment, CBT, Counseling","Empathy, Confidentiality",4-6,7-12,12-20,Growing,"NIMHANS, hospitals, NGOs, private practice"
C008,Healthcare,Nutritionist,Bachelor's,Science PCB,"BSc Nutrition + MSc/Diploma",Merit-based,4-5,"Diet Planning, Nutritional Analysis, Sports Nutrition","Communication, Counseling",3-5,5-8,8-12,Good,"Apollo, Fortis, fitness chains, wellness centers"
C009,Healthcare,Medical Lab Technologist,Bachelor's,Science PCB,BSc MLT,Merit-based,3-4,"Lab Equipment Operation, Pathology Testing, Quality Control","Attention to detail, Accuracy",2.5-4,4-6,6-9,Stable,"Dr Lal Path Labs, SRL Diagnostics, hospitals"
C010,Healthcare,Radiologist,PG Degree,Science PCB,"MBBS + MD Radiology",NEET-PG,8-10,"MRI/CT Interpretation, Ultrasound, X-ray","Visual precision, Diagnostic ability",12-18,24-36,40-60,Excellent,"AIIMS, Apollo, Max, independent imaging centers"
C011,Healthcare,Dentist,Bachelor's,Science PCB,BDS,NEET-UG,5,"Oral Surgery, Root Canal, Prosthodontics","Manual dexterity, Patient care",3-6,6-10,12-20,Good,"Clove Dental, Axiss Dental, Fortis, own clinic"
C012,Healthcare,Veterinarian,Bachelor's,Science PCB,BVSc,"NEET-UG/ICAR",5.5,"Animal Surgery, Vaccination, Disease Diagnosis","Compassion, Observation",3-5,6-9,10-15,Growing,"Government depts, NGOs, private clinics, Zoos"
C013,Healthcare,Pharmacist,Bachelor's,"Science PCB/PCM",B.Pharm,"Entrance/merit",4,"Drug Compounding, Pharmacology, Patient Counseling","Attention to detail, Ethics",3-5,5-8,8-12,Stable,"Apollo Pharmacy, MedPlus, Cipla, Sun Pharma"
C014,Healthcare,Occupational Therapist,Bachelor's,Science PCB,BOT/MOT,Entrance,4.5,"Rehabilitation Techniques, Adaptive Equipment","Patience, Creativity",3-4,5-7,8-12,Good,"Rehabilitation centers, AIIMS, special schools"
C015,Healthcare,Speech Therapist,Master's,Science PCB,"BASLP + MASLP",Entrance,5-6,"Speech Therapy, Language Disorders, Swallowing Therapy","Patience, Communication",3-5,5-8,8-12,Growing,"AYJNISHD, hospitals, rehabilitation centers"
C016,Information Technology,Full Stack Developer,Bachelor's,Science Maths,"B.Tech/BCA/MCA",JEE/University,3-4,"JavaScript, React, Node.js, MongoDB, Git","Problem-solving, Adaptability",4-8,10-18,20-35,Excellent,"TCS, Infosys, Microsoft, Amazon, Google"
C017,Information Technology,Frontend Developer,Bachelor's,Science Maths,B.Tech/BCA,JEE/University,3-4,"HTML/CSS, JavaScript, React/Vue, Responsive Design","Creativity, Attention to detail",3.5-6,8-15,15-25,Excellent,"TCS, Accenture, Flipkart, Swiggy, startups"
C018,Information Technology,Backend Developer,Bachelor's,Science Maths,"B.Tech/BCA/MCA",JEE/University,3-4,"Java/Python, Node.js, SQL/NoSQL, APIs, Microservices","Logical thinking, System design",4-7,10-18,20-32,Excellent,"Amazon, Microsoft, Goldman Sachs, Oracle"
C019,Information Technology,Mobile App Developer Android,Bachelor's,Science Maths,B.Tech/BCA,JEE/University,3-4,"Kotlin/Java, Android SDK, Firebase, Material Design","User focus, Problem-solving",3.5-6,8-15,15-28,Good,"Google, Samsung, Flipkart, Ola, Paytm"
C020,Information Technology,iOS Developer,Bachelor's,Science Maths,B.Tech/BCA,JEE/University,3-4,"Swift, iOS SDK, Xcode, Apple HIG","Attention to detail, Creativity",4-7,9-16,16-30,Good,"Apple, Swiggy, Zomato, Dream11, startups"
C021,Information Technology,DevOps Engineer,Bachelor's,Science Maths,B.Tech/BCA,JEE/University,3-4,"Docker, Kubernetes, Jenkins, AWS/Azure, CI/CD","Collaboration, Automation mindset",5-9,12-20,22-38,Excellent,"Amazon, Microsoft, Flipkart, Ola, ThoughtWorks"
C022,Information Technology,Cloud Architect,Bachelor's + Exp,Science Maths,"B.Tech + Certifications",Experience-based,6-8,"AWS/Azure/GCP, Cloud Security, Infrastructure as Code","Strategic thinking, Communication",15-25,25-40,40-70,Excellent,"All major IT companies, MNCs, FAANG"
C023,Information Technology,Database Administrator,Bachelor's,Science Maths,"B.Tech/BCA/MCA",JEE/University,3-4,"SQL, Oracle/MySQL/PostgreSQL, Performance Tuning, Backup/Recovery","Analytical, Methodical",3.5-6,7-12,12-20,Stable,"Oracle, IBM, banks, large enterprises"
C024,Information Technology,System Administrator,Bachelor's,Science Maths,B.Tech/BCA,University,3-4,"Linux/Windows Server, Networking, Scripting, Security","Troubleshooting, Patience",3-5,6-10,10-15,Stable,"Wipro, HCL, TCS, all mid-large companies"
C025,Information Technology,Quality Assurance Engineer,Bachelor's,Science Maths,B.Tech/BCA,University,3-4,"Manual Testing, Automation (Selenium), Test Planning, Bug Tracking","Attention to detail, Patience",3-5,6-10,10-16,Stable,"Infosys, TCS, Accenture, product companies"
C026,Information Technology,Technical Writer,Bachelor's,"Any (English preferred)",BA English/Technical Writing,Portfolio-based,3-4,"Documentation Tools, Technical Communication, API Docs","Writing clarity, Research",4-6,7-11,12-18,Growing,"Microsoft, Google, Oracle, Adobe, tech firms"
C027,Information Technology,Site Reliability Engineer,Bachelor's,Science Maths,B.Tech CS,JEE/University,3-4,"System Architecture, Automation, Monitoring, Incident Response","Problem-solving, Calm under pressure",6-10,14-22,25-40,Excellent,"Google, Amazon, Microsoft, LinkedIn, Uber"
C028,Information Technology,Salesforce Developer,Bachelor's,Any stream,"B.Tech/BCA + Salesforce Cert",Certification-based,3-4,"Apex, Visualforce, Lightning, SOQL, Salesforce Administration","Problem-solving, Client focus",4-7,8-15,15-25,Good,"Deloitte, Accenture, Wipro, HCL, Salesforce"
C029,Information Technology,SAP Consultant,Bachelor's,Any stream,"B.Tech/BCom + SAP Cert",Certification-based,3-4,"SAP Modules (FICO/MM/SD), ABAP, SAP Implementation","Business acumen, Communication",5-9,10-18,18-28,Good,"TCS, Infosys, Wipro, Capgemini, Accenture"
C030,Information Technology,Game Developer,Bachelor's,Science Maths,"B.Tech/BSc Game Dev","Portfolio/entrance",3-4,"Unity/Unreal, C#/C++, 3D Math, Game Physics","Creativity, Passion for gaming",3-6,7-13,12-22,Growing,"Ubisoft, Rockstar, EA, Nazara, Zynga"
C031,Core Engineering,Civil Engineer,Bachelor's,Science Maths,B.Tech/BE Civil,"JEE/State CET",4,"AutoCAD, STAAD Pro, Structural Analysis, Project Management","Leadership, Attention to detail",3-5,6-11,12-20,Stable,"L&amp;T, Shapoorji, Gammon, Tata Projects, DLF"
C032,Core Engineering,Structural Engineer,Master's,Science Maths,"B.Tech + M.Tech Structural",GATE,5-6,"ETABS, SAFE, Seismic Design, Finite Element Analysis","Precision, Analytical thinking",4-7,8-14,15-24,Good,"AECOM, Atkins, L&T, Jacobs, consultancies"
C033,Core Engineering,Mechanical Engineer,Bachelor's,Science Maths,B.Tech/BE Mechanical,"JEE/State CET",4,"CAD/CAM, Thermodynamics, Manufacturing Processes, FEA","Problem-solving, Practical approach",3-5,6-11,12-20,Stable,"Tata Motors, Mahindra, BHEL, L&T, Ashok Leyland"
C034,Core Engineering,Electrical Engineer,Bachelor's,Science Maths,B.Tech/BE Electrical,"JEE/State CET",4,"Circuit Design, Power Systems, PLC, MATLAB","Analytical, Safety consciousness",3-5,6-11,12-20,Stable,"Siemens, ABB, BHEL, PowerGrid, Tata Power"
C035,Core Engineering,Electronics Engineer,Bachelor's,Science Maths,B.Tech/BE ECE,"JEE/State CET",4,"VLSI, Embedded Systems, PCB Design, Communication Systems","Precision, Innovation",3.5-6,7-12,13-22,Good,"Samsung, Intel, Texas Instruments, Bosch, ISRO"
C036,Core Engineering,Chemical Engineer,Bachelor's,"Science Maths/Chem",B.Tech/BE Chemical,"JEE/State CET",4,"Process Design, Thermodynamics, Plant Safety, Simulation","Safety focus, Process thinking",4-7,8-14,15-25,Stable,"Reliance, ONGC, IOCL, P&G, Dr Reddy's"
C037,Core Engineering,Aerospace Engineer,Bachelor's,Science Maths,B.Tech/BE Aerospace,JEE/University,4,"Aerodynamics, Propulsion, CAD, MATLAB, Structural Analysis","Precision, Innovation",5-9,10-18,18-30,Growing,"ISRO, HAL, DRDO, Boeing, Airbus, Mahindra Aero"
C038,Core Engineering,Automobile Engineer,Bachelor's,Science Maths,B.Tech/BE Automobile,"JEE/State CET",4,"Vehicle Dynamics, CAD, Engine Design, EV Technology","Practical, Innovation",3.5-6,7-13,13-22,Good,"Tata Motors, Mahindra, Maruti Suzuki, Ashok Leyland"
C039,Core Engineering,Marine Engineer,Bachelor's,Science Maths,B.Tech Marine,IMU CET,4,"Naval Architecture, Ship Design, Marine Propulsion","Stamina, Adaptability",6-10,12-18,18-30,Good,"Shipping Corp, Navy, shipyards, offshore companies"
C040,Core Engineering,Mining Engineer,Bachelor's,Science Maths,B.Tech Mining,JEE/University,4,"Mine Planning, Blasting, Safety Systems, Geology","Risk management, Leadership",5-9,10-16,16-25,Stable,"Coal India, NMDC, Vedanta, HZL, private miners"
C041,Core Engineering,Petroleum Engineer,Bachelor's,Science Maths,B.Tech Petroleum,JEE/University,4,"Drilling Engineering, Reservoir Simulation, Production Tech","Analytical, Safety focus",6-12,15-25,25-40,Cyclical,"ONGC, Oil India, Cairn, Schlumberger, Halliburton"
C042,Core Engineering,Metallurgical Engineer,Bachelor's,Science Maths,B.Tech Metallurgy,JEE/University,4,"Material Science, Heat Treatment, Failure Analysis","Analytical, Process-oriented",4-7,8-14,14-22,Stable,"SAIL, Tata Steel, JSW, Hindalco, NALCO"
C043,Core Engineering,Textile Engineer,Bachelor's,Science Maths,B.Tech Textile,JEE/University,4,"Fabric Technology, Yarn Manufacturing, Quality Control","Attention to detail",3-5,6-10,10-16,Stable,"Arvind Mills, Raymond, Vardhman, Trident, Welspun"
C044,Core Engineering,Environmental Engineer,Bachelor's,Science Maths,B.Tech Environmental,JEE/University,4,"Waste Management, Pollution Control, EIA, Water Treatment","Sustainability focus",3.5-6,7-12,12-18,Growing,"CPCB, NGOs, consultancies, green tech firms"
C045,Core Engineering,Biomedical Engineer,Bachelor's,"Science PCB/Maths",B.Tech Biomedical,JEE/University,4,"Medical Devices, Biomaterials, Signal Processing, Imaging","Interdisciplinary thinking",4-7,8-13,13-21,Growing,"GE Healthcare, Siemens, Philips, Medtronic, hospitals"
C046,Emerging Technologies,Prompt Engineer,Bachelor's,"Any (Tech preferred)","Any degree + AI skills",Portfolio-based,3-4,"LLMs, Prompt Design, AI Ethics, Python basics","Creativity, Linguistic precision",8-15,18-30,30-50,Explosive,"Microsoft, Google, FAANG, AI startups"
C047,Emerging Technologies,AI Engineer,Bachelor's,Science Maths,"B.Tech CS/AI",JEE/GATE,4,"LLMs, PyTorch, Deep Learning, MLOps, Python","Analytical, Research mindset",8-18,20-35,35-60,Explosive,"Microsoft, Google, Amazon, FAANG, AI startups"
C048,Emerging Technologies,Machine Learning Engineer,Bachelor's,Science Maths,B.Tech CS/ML,JEE/GATE,4,"TensorFlow, Scikit-learn, ML Algorithms, Data Modeling","Problem-solving, Curiosity",7-15,16-28,28-45,Excellent,"Google, Amazon, Flipkart, Ola, Swiggy, Microsoft"
C049,Emerging Technologies,Data Scientist,Bachelor's,Science Maths,"B.Tech/BSc Stats","JEE/IIT JAM",3-4,"Python/R, SQL, Statistics, Machine Learning, Visualization","Analytical thinking, Storytelling",6-12,15-25,25-40,Excellent,"Amazon, Flipkart, Microsoft, Google, Mu Sigma"
C050,Emerging Technologies,Data Analyst,Bachelor's,"Any (Maths preferred)","B.Tech/BSc/BCom",University,3-4,"SQL, Excel, Tableau/Power BI, Python basics, Statistics","Business acumen, Communication",4-7,8-14,14-22,Excellent,"TCS, Accenture, Deloitte, EY, all companies"
C051,Emerging Technologies,AI Forensic Analyst,Master's,Science CS,"B.Tech + AI specialization",GATE/experience,5-6,"LLM Monitoring, Bias Detection, AI Safety, Digital Forensics","Ethics, Attention to detail",10-18,18-30,30-45,Emerging,"Cybersecurity firms, FAANG, government agencies"
C052,Emerging Technologies,Forward-Deployed Engineer,Bachelor's,Science CS,B.Tech CS,Campus placements,4,"AI Integration, Client Solutions, Full-stack, Cloud","Communication, Problem-solving",12-20,22-35,35-55,Emerging,"Palantir, FAANG, enterprise software companies"
C053,Emerging Technologies,Agentic Workflow Architect,Bachelor's,Science CS,"B.Tech/AI degree",Experience-based,5-7,"LangChain, AutoGPT, LLM Orchestration, API Design","Architecture thinking, Innovation",15-25,25-40,45-70,Emerging,"AI labs, FAANG, cutting-edge tech firms"
C054,Emerging Technologies,AI Infrastructure Engineer,Bachelor's,Science CS,B.Tech CS,GATE/experience,4-5,"GPU Clusters, Model Deployment, ML Ops, Kubernetes","System thinking, Performance focus",10-18,20-32,35-55,Growing,"NVIDIA, Google, Microsoft, AWS, AI research labs"
C055,Emerging Technologies,Robotics Engineer,Bachelor's,Science Maths,B.Tech Robotics,JEE/University,4,"ROS, Embedded Systems, Computer Vision, Kinematics","Innovation, Practical thinking",5-9,10-18,18-30,Growing,"Siemens, ABB, GreyOrange, Addverb, Systemantics"
C056,Emerging Technologies,AR/VR Developer,Bachelor's,Science Maths,B.Tech/BCA,Portfolio/entrance,3-4,"Unity/Unreal, 3D Modeling, Spatial Computing, C#","Creativity, User experience focus",4-8,9-15,15-25,Growing,"Meta, Microsoft, Magic Leap, Indian startups"
C057,Emerging Technologies,Blockchain Developer,Bachelor's,Science Maths,B.Tech/BCA,University,3-4,"Smart Contracts, Solidity, Web3, Cryptography, Ethereum","Innovation, Security focus",6-12,14-22,22-35,Growing,"Polygon, CoinDCX, WazirX, Tech Mahindra, IBM"
C058,Emerging Technologies,IoT Solutions Architect,Bachelor's,Science CS,B.Tech CS/ECE,Experience,5-7,"IoT Platforms, Sensor Networks, Edge Computing, MQTT","Solution design, Integration thinking",8-15,18-28,30-45,Growing,"Bosch, Siemens, Honeywell, Tata Elxsi, startups"
C059,Emerging Technologies,Edge Computing Engineer,Bachelor's,Science CS,B.Tech CS,University,4,"Edge AI, 5G, Kubernetes at Edge, Distributed Systems","Optimization mindset, Innovation",6-12,14-22,24-38,Growing,"Cloud providers, telecom, automotive, smart city firms"
C060,Emerging Technologies,Generative AI Specialist,Master's,Science CS,"B.Tech + MS/PhD",Research/experience,6-8,"GANs, VAEs, Transformers, Diffusion Models, Fine-tuning","Research mindset, Creativity",15-25,28-45,50-80,Explosive,"Google Brain, Microsoft Research, FAIR, DeepMind"
C061,Management,Business Analyst,Bachelor's,Any stream,BBA/B.Tech/MBA,CAT/XAT,4-5,"Excel, SQL, Tableau, Data Analysis, Requirement Gathering","Communication, Problem-solving",4-7,8-14,15-22,Excellent,"McKinsey, BCG, Bain, Deloitte, EY, KPMG"
C062,Management,Product Manager,Bachelor's,Any stream,"B.Tech/MBA",Experience-based,5-7,"Product Strategy, Roadmapping, Analytics, UX Basics","Leadership, Communication, Vision",12-20,22-35,40-60,Excellent,"Google, Microsoft, Amazon, Flipkart, Swiggy"
C063,Management,Project Manager,Bachelor's,Any stream,Any degree + PMP,"PMP/PRINCE2",5-8,"Project Planning, Risk Management, Agile/Scrum, JIRA","Leadership, Time management",7-12,14-22,25-35,Good,"All industries, MNCs, IT companies, construction firms"
C064,Management,Operations Manager,Bachelor's,Any stream,BBA/BCom/MBA,CAT/MAT,5-7,"Supply Chain, Inventory Management, Process Optimization","Problem-solving, Leadership",5-9,10-16,18-25,Good,"Amazon, Flipkart, manufacturing companies, logistics"
C065,Management,Human Resources Manager,Master's,Any stream,BA/BBA + MBA HR,CAT/XAT,5-6,"Recruitment, Performance Management, HR Policies, Payroll","Empathy, Communication, Confidentiality",5-8,9-15,16-23,Good,"All MNCs, IT companies, corporates, consulting firms"
C066,Management,Talent Acquisition Specialist,Bachelor's,Any stream,BA/BBA/MBA HR,University,4-5,"Sourcing, Interviewing, Negotiation, HR Tech","Communication, Networking",4-7,8-12,13-18,Good,"Recruitment firms, MNCs, IT companies, startups"
C067,Management,Training and Development Manager,Master's,Any stream,BA/BBA + MBA HR,CAT/XAT,5-6,"Learning Design, Training Delivery, LMS, Assessment","Presentation, Coaching",5-8,9-14,15-22,Good,"Corporates, MNCs, training consultancies, institutions"
C068,Management,Supply Chain Manager,Bachelor's,Science/Commerce,BBA/BTech/MBA,Entrance/GATE,5-7,"Logistics, Inventory, Demand Planning, SCM Software","Analytical, Problem-solving",5-9,10-17,18-26,Good,"Amazon, Flipkart, ITC, HUL, Procter & Gamble"
C069,Management,Operations Research Analyst,Master's,Science Maths,"BSc/MSc/M.Tech",GATE/entrance,5-6,"Optimization, Simulation, Mathematical Modeling, Python","Analytical, Problem-solving",5-9,10-15,16-22,Good,"Consulting firms, logistics, airlines, manufacturing"
C070,Management,Risk Manager,Master's,Commerce/Maths,"BCom/BBA + MBA/FRM",FRM/CAT,5-7,"Risk Modeling, Financial Analysis, Regulatory Compliance","Analytical, Decision-making",7-12,14-22,24-35,Good,"Banks, financial institutions, insurance companies"
C071,Management,Quality Manager,Bachelor's,Any stream,Any degree + Six Sigma,Six Sigma cert,5-8,"Quality Audits, Six Sigma, Lean, Process Improvement","Attention to detail, Leadership",5-9,10-15,16-23,Good,"Manufacturing, IT, service industries, healthcare"
C072,Management,Management Consultant,Master's,Any stream,BTech/MBA (Tier 1),CAT/XAT,6-8,"Data Analysis, Strategy, Presentation, Problem-solving","Communication, Analytical thinking",12-20,22-35,40-60,Excellent,"McKinsey, BCG, Bain, Deloitte, PwC, EY"
C073,Management,Corporate Strategist,Master's,Any stream,MBA from top school,CAT/XAT,6-8,"Strategic Planning, Market Analysis, Financial Modeling","Visionary, Leadership",15-25,28-42,50-75,Good,"Fortune 500 companies, MNCs, consulting firms"
C074,Management,Entrepreneur,Varies,Any stream,Any degree,Varies,Varies,"Business Planning, Marketing, Finance, Leadership","Risk-taking, Resilience, Vision",Varies,Varies,Varies,Varies,"Self, startup ecosystem, investors"
C075,Management,Chief Technology Officer,Master's + Exp,Science CS,"B.Tech + MBA/experience",Career progression,12-15,"Technology Strategy, Architecture, Team Leadership, Innovation","Leadership, Vision, Communication",30-50,60-90,1Cr+,Excellent,"All tech companies, startups, MNCs"
C076,Banking Finance,Investment Banker,Master's,Commerce/Maths,"BCom/BBA + MBA",CAT/CFA,6-7,"Financial Modeling, Valuation, Deal Execution, Excel","Analytical, Negotiation, Stamina",10-18,20-35,40-70,Good,"Goldman Sachs, Morgan Stanley, JP Morgan, Kotak, ICICI"
C077,Banking Finance,Chartered Accountant,Bachelor's,Commerce with Maths,"BCom + CA",CA Foundation/IPCC/Final,4-5,"Accounting, Taxation, Auditing, Financial Reporting","Integrity, Analytical, Detail-oriented",6-9,12-18,20-35,Excellent,"Big 4, banks, corporates, consulting firms"
C078,Banking Finance,Financial Analyst,Bachelor's,Commerce/Maths,BCom/BBA/BTech,University,3-4,"Financial Analysis, Excel, Valuation, Research","Analytical, Communication",4-7,8-14,15-22,Good,"Investment banks, mutual funds, equity research firms"
C079,Banking Finance,Wealth Manager,Bachelor's,Commerce,Any degree + NISM/CWM,NISM/CWM,4-6,"Portfolio Management, Financial Planning, Investment Advisory","Client relationship, Communication",5-9,10-16,18-26,Good,"Private banks, wealth management firms, NBFCs"
C080,Banking Finance,Risk Analyst,Master's,Commerce/Maths,BCom/BBA/MBA,FRM/CAT,5-7,"Risk Modeling, Derivatives, Statistical Analysis, SAS","Analytical, Detail-oriented",5-8,9-15,16-24,Good,"Banks, financial institutions, consulting firms"
C081,Banking Finance,Credit Analyst,Bachelor's,Commerce,BCom/BBA,University,3-4,"Credit Assessment, Financial Analysis, Underwriting","Analytical, Decision-making",4-7,8-13,14-20,Good,"Banks, NBFCs, credit rating agencies"
C082,Banking Finance,Relationship Manager,Bachelor's,Commerce,Any degree + MBA,CAT/MAT,4-6,"Sales, Customer Service, Financial Products, CRM","Communication, Relationship building",4-8,9-15,16-23,Good,"Banks, wealth management, insurance companies"
C083,Banking Finance,Stock Broker,Bachelor's,Commerce,Any degree + NISM,NISM certifications,3-4,"Trading, Market Analysis, Client Advisory, Risk Management","Decision-making, Communication",4-7,8-14,15-25,Cyclical,"Zerodha, ICICI Direct, HDFC Securities, Motilal Oswal"
C084,Banking Finance,Mutual Fund Manager,Master's,Commerce/Maths,"MBA/CFA/CA",CFA/CAT,7-10,"Portfolio Management, Research, Asset Allocation, Risk Analysis","Decision-making, Analytical",20-35,40-60,75-120,Good,"SBI MF, HDFC MF, ICICI MF, Kotak MF, Reliance MF"
C085,Banking Finance,Actuary,Master's,Science Maths,BSc/MSc + Actuarial Exams,Actuarial exams,6-8,"Probability, Statistics, Risk Modeling, Financial Mathematics","Analytical, Precision",8-15,18-28,30-50,Excellent,"Insurance companies, consulting firms, LIC, GIC"
C086,Banking Finance,Insurance Underwriter,Bachelor's,Commerce,Any degree + IIB,IIB certification,3-4,"Risk Assessment, Policy Analysis, Underwriting Guidelines","Analytical, Decision-making",3-6,7-12,13-18,Stable,"Insurance companies (LIC, ICICI Prudential, HDFC Life)"
C087,Banking Finance,Treasury Manager,Master's,Commerce/Maths,"MBA/CA/CFA",Experience,6-8,"Cash Management, Liquidity, Forex, Investments","Decision-making, Risk awareness",8-15,16-25,28-40,Good,"Banks, large corporates, MNCs"
C088,Banking Finance,Corporate Banker,Master's,Commerce/Maths,MBA Finance,CAT/CFA,6-7,"Corporate Lending, Trade Finance, Working Capital, Relationship","Relationship building, Deal-making",8-15,16-26,30-45,Good,"Corporate banking divisions of major banks"
C089,Banking Finance,Private Equity Analyst,Master's,Commerce/Maths,"MBA/CA/CFA",Tier-1 recruitment,6-8,"Deal Sourcing, Due Diligence, Financial Modeling, Valuation","Analytical, Networking",15-25,30-45,50-80,Good,"PE firms (Blackstone, KKR, Carlyle), VC firms"
C090,Banking Finance,Treasury Analyst,Bachelor's,Commerce/Maths,BCom/BBA,University,3-4,"Cash Flow, Risk Management, Financial Analysis, Excel","Analytical, Detail-oriented",4-6,7-11,12-16,Good,"Corporates, banks, financial institutions"
C091,Government,IAS Officer,Bachelor's,Any stream,Any Graduate Degree,UPSC CSE,1-2 prep,"Administration, Policy Making, Law, Public Relations","Leadership, Integrity, Decision-making",0.7-1.2,1.5-2.5,2.5-3.5,Excellent,"Government of India, State Governments"
C092,Government,IPS Officer,Bachelor's,Any stream,Any Graduate Degree,UPSC CSE,1-2 prep,"Criminology, Law, Investigation, Public Safety","Courage, Leadership, Integrity",0.7-1.2,1.5-2.5,2.5-3.5,Excellent,"State Police, CBI, IB, RAW"
C093,Government,IFS Officer,Bachelor's,Any stream,Any Graduate Degree,UPSC CSE,1-2 prep,"International Relations, Diplomacy, Foreign Languages","Communication, Cultural sensitivity, Patience",0.7-1.2,1.5-2.5,2.5-3.5,Excellent,"Ministry of External Affairs, Indian Embassies"
C094,Government,IRS Officer,Bachelor's,Any stream,Any Graduate Degree,UPSC CSE,1-2 prep,"Taxation, Accounting, Investigation, Law","Integrity, Analytical, Detail-oriented",0.7-1.2,1.5-2.5,2.5-3.5,Excellent,"Income Tax Dept, Customs, GST departments"
C095,Government,IES Officer,Master's,Economics,MA Economics,UPSC IES,1-2 prep,"Economic Analysis, Policy, Statistics, Research","Analytical, Research mindset",0.8-1.3,1.6-2.6,2.6-3.6,Excellent,"Ministry of Finance, NITI Aayog, RBI"
C096,Government,Indian Forest Service Officer,Bachelor's,Science with Biology,BSc + UPSC,UPSC IFS,1-2 prep,"Forestry, Wildlife Management, Ecology, Conservation","Environmental passion, Leadership",0.7-1.2,1.5-2.5,2.5-3.5,Good,"Ministry of Environment, Forest departments"
C097,Government,State Civil Services Officer,Bachelor's,Any stream,Any Graduate Degree,State PSC exams,1-2 prep,"Administration, Policy Implementation, Public Service","Leadership, Problem-solving",0.6-1.0,1.2-2.0,2.0-3.0,Good,"State Government departments"
C098,Government,Government Teacher,Bachelor's + BEd,Any stream,BA/BSc + BEd,"TET, CTET",5-6,"Subject Knowledge, Lesson Planning, Classroom Management","Patience, Communication",0.4-0.7,0.8-1.2,1.2-1.8,Stable,"KVS, NVS, State Government Schools"
C099,Government,Government Doctor,PG Degree,Science PCB,MBBS + PG,NEET-PG,7-9,"Medical Practice, Patient Care, Public Health","Empathy, Dedication",0.8-1.5,1.5-2.5,2.5-3.5,Good,"CGHS, ESIC, State Health Services, AIIMS"
C100,Government,Government Engineer,Bachelor's,Science Maths,B.Tech/BE,GATE/State exams,4-5,"Engineering Design, Project Management, Public Works","Technical competence, Integrity",0.6-1.0,1.2-1.8,1.8-2.5,Good,"CPWD, PWD, Railways, Public Sector Units"
C101,Government,RBI Officer,Master's,Economics/Commerce/Maths,MA/MCom/MSc,RBI Grade B,5-6,"Monetary Policy, Banking Regulation, Economic Analysis","Analytical, Decision-making",0.8-1.5,1.8-2.8,3.0-4.0,Excellent,"Reserve Bank of India"
C102,Government,Public Sector Bank Manager,Bachelor's,Any stream,Any Graduate Degree,IBPS PO,4-5,"Banking Operations, Customer Service, Financial Products","Leadership, Communication",0.6-1.0,1.2-1.8,1.8-2.5,Good,"SBI, PNB, Bank of Baroda, Canara Bank"
C103,Government,Diplomat,Bachelor's,Any stream,Any Graduate Degree,UPSC CSE/IFS,1-2 prep,"International Relations, Negotiation, Protocol","Cultural intelligence, Communication",0.8-1.3,1.6-2.6,2.6-3.8,Excellent,"Ministry of External Affairs, Indian Missions"
C104,Government,Railway Officer,Bachelor's,Any stream,Any Graduate Degree,RRB exams,4-5,"Railway Operations, Management, Administration","Leadership, Problem-solving",0.6-1.0,1.2-1.8,1.8-2.5,Good,"Indian Railways"
C105,Government,CDS Officer,Bachelor's,Any stream,Any Graduate Degree,CDS exam,1 prep,"Military Strategy, Leadership, Combat Skills","Courage, Discipline, Patriotism",0.7-1.2,1.5-2.2,2.2-3.0,Good,"Indian Army, Navy, Air Force"
C106,Defence,Army Officer (General),Bachelor's,Any stream,Any Graduate Degree,NDA/CDS,1 prep,"Military Operations, Leadership, Strategy, Combat","Courage, Discipline, Teamwork",0.7-1.2,1.5-2.2,2.2-3.0,Stable,"Indian Army"
C107,Defence,Navy Officer,Bachelor's,Science Maths,BTech/BE,NDA/CDS/10+2,1 prep,"Navigation, Naval Operations, Ship Handling, Strategy","Discipline, Adaptability",0.7-1.2,1.5-2.2,2.2-3.0,Stable,"Indian Navy"
C108,Defence,Air Force Officer,Bachelor's,Science Maths/PCM,BTech/BSc,NDA/CDS/AFCAT,1 prep,"Flying, Aircraft Systems, Air Combat, Strategy","Quick thinking, Discipline",0.7-1.2,1.5-2.2,2.2-3.0,Stable,"Indian Air Force"
C109,Defence,Army Soldier (GD),10+2,Any stream,10+2 pass,Army Recruitment,0.5 prep,"Physical Fitness, Combat, Weapon Handling, Drills","Discipline, Teamwork",0.4-0.6,0.8-1.0,1.0-1.5,Stable,"Indian Army"
C110,Defence,Paramilitary Officer,Bachelor's,Any stream,Any Graduate Degree,CAPF exam,1 prep,"Law Enforcement, Counter-insurgency, Public Safety","Courage, Leadership",0.5-0.9,1.0-1.5,1.5-2.0,Stable,"CRPF, BSF, CISF, ITBP, SSB"
C111,Defence,Intelligence Officer,Master's,Any stream,Any degree + clearance,IB/RAW exams,1-2 prep,"Intelligence Gathering, Analysis, Surveillance, Security","Observation, Discretion",0.8-1.4,1.6-2.4,2.5-3.5,Stable,"IB, RAW, Intelligence agencies"
C112,Defence,DRDO Scientist,Master's,Science/Engineering,BTech/MSc + GATE,GATE/DRDO exam,5-6,"Research, Defense Technology, Engineering, Innovation","Analytical, Innovation",0.8-1.5,1.8-2.8,3.0-4.0,Good,"DRDO labs across India"
C113,Defence,ISRO Scientist,Master's,Science/Engineering,BTech/MSc + GATE,GATE/ISRO exam,5-6,"Space Technology, Research, Engineering, Mission Planning","Precision, Innovation",0.8-1.5,1.8-2.8,3.0-4.0,Excellent,"ISRO centers (VSSC, SAC, URSC, etc.)"
C114,Defence,Bhabha Atomic Research Scientist,Master's,Science/Engineering,BTech/MSc,GATE/BARC exam,5-6,"Nuclear Science, Research, Safety, Engineering","Precision, Safety focus",0.8-1.5,1.8-2.8,3.0-4.0,Stable,"BARC, IGCAR, atomic research centers"
C115,Defence,Defence Civilian Employee,Bachelor's,Any stream,Any Graduate Degree,SSC exams,4-5,"Administration, Engineering, Medical, Logistics","Discipline, Service orientation",0.5-0.9,1.0-1.6,1.6-2.2,Stable,"Ministry of Defence, Ordnance Factories"
C116,Defence,Fighter Pilot,Bachelor's,Science Maths,BTech/BSc,NDA/CDS/AFCAT,1 prep,"Flying, Combat, Navigation, Aircraft Systems","Courage, Quick reflexes",0.9-1.5,2.0-3.0,3.5-5.0,Stable,"Indian Air Force"
C117,Defence,Submarine Officer,Bachelor's,Science Maths,BTech/BE,NDA/CDS/Navy,1 prep,"Submarine Operations, Navigation, Combat, Engineering","Stamina, Focus",0.8-1.4,1.8-2.5,2.8-3.8,Stable,"Indian Navy"
C118,Defence,Engineer in Defence PSUs,Bachelor's,Science Maths,BTech/BE,GATE,4-5,"Engineering Design, Manufacturing, Quality, Project Management","Technical competence, Integrity",0.7-1.2,1.5-2.2,2.2-3.0,Good,"BEL, HAL, BDL, MIL, GRSE, GSL"
C119,Defence,Medical Officer in Armed Forces,PG Degree,Science PCB,MBBS + PG,NEET-PG/AFMC,7-9,"Medicine, Surgery, Emergency Care, Field Medicine","Courage, Dedication",1.0-1.8,2.0-3.0,3.2-4.2,Good,"Armed Forces Medical Services"
C120,Defence,Cyber Security Specialist (Defence),Bachelor's,Science CS,BTech CS/IT,GATE/defence entry,4-5,"Network Security, Cyber Defense, Ethical Hacking, Cryptography","Analytical, Security focus",0.8-1.5,1.8-2.8,3.0-4.0,Growing,"Defence cyber agencies, CERT-In"
C121,Education,Professor (University),PhD,Any stream,MA/MSc + PhD,UGC-NET/GATE,8-10,"Research, Teaching, Publication, Subject Expertise","Communication, Mentoring",0.8-1.5,1.8-2.8,3.0-4.5,Good,"Universities, IITs, NITs, IIITs, Central Universities"
C122,Education,College Lecturer,Master's,Any stream,MA/MSc + NET,UGC-NET/State SET,6-7,"Teaching, Curriculum Development, Student Assessment","Communication, Patience",0.5-0.9,1.0-1.5,1.6-2.2,Stable,"Government and private colleges"
C123,Education,School Teacher (PGT),Bachelor's + BEd,Any stream,BA/BSc + BEd,CTET/STET,5-6,"Subject Expertise, Lesson Planning, Classroom Management","Patience, Communication",0.4-0.7,0.8-1.2,1.2-1.6,Stable,"KVS, NVS, Private schools, Govt schools"
C124,Education,School Teacher (TGT),Bachelor's + BEd,Any stream,BA/BSc + BEd,CTET/STET,5-6,"Subject Teaching, Student Assessment, Classroom Management","Patience, Creativity",0.4-0.6,0.7-1.0,1.0-1.4,Stable,"KVS, NVS, Private schools, Govt schools"
C125,Education,Primary Teacher,12th + DEd,Any stream,12th + DElEd/BElEd,State TET,4-5,"Foundational Teaching, Child Development, Activity Planning","Patience, Creativity, Affection",0.3-0.5,0.5-0.8,0.8-1.2,Stable,"Primary schools, KVS, State Govt schools"
C126,Education,Special Educator,Bachelor's + BEd,Any stream,Any degree + BEd Special,CTET/State exam,5-6,"Special Needs Education, Therapy Techniques, Individualized Plans","Empathy, Patience",0.3-0.6,0.6-1.0,1.0-1.4,Growing,"Special schools, inclusive schools, NGOs"
C127,Education,Education Consultant,Master's,Any stream,MEd/MBA,Experience,7-9,"Curriculum Design, Educational Policy, Assessment, Training","Strategic thinking, Communication",0.6-1.2,1.4-2.2,2.2-3.5,Growing,"Educational institutions, EdTech companies, consulting"
C128,Education,Curriculum Developer,Master's,Any stream,MA/MEd,Experience,5-7,"Curriculum Design, Instructional Design, Content Development","Creativity, Research",0.5-1.0,1.2-1.8,1.8-2.5,Growing,"Publishing houses, EdTech, boards, institutions"
C129,Education,Vocational Trainer,Diploma/Degree,Vocational stream,Degree/Diploma in trade,State exam,3-5,"Trade Skills, Training Delivery, Assessment","Patience, Practical focus",0.3-0.6,0.6-0.9,0.9-1.2,Growing,"ITIs, polytechnics, skill development centers"
C130,Education,Online Tutor,Bachelor's,Any stream,Any degree,Subject expertise,3-4,"Subject Knowledge, Online Teaching Tools, Communication","Patience, Tech-savvy",0.3-0.8,0.8-1.5,1.5-2.5,Growing,"BYJU'S, Unacademy, Vedantu, Chegg, self-employed"
C131,Education,Educational Psychologist,Master's,Psychology,MA/MSc Psychology + MPhil,Entrance,6-8,"Assessment, Counseling, Learning Difficulties, Research","Empathy, Analytical",0.4-0.8,0.9-1.5,1.5-2.2,Growing,"Schools, counseling centers, hospitals, NGOs"
C132,Education,Librarian,Master's,Any stream,BLib + MLib,State exam,5-6,"Library Management, Digital Resources, Cataloging, Research Help","Organization, Helpfulness",0.4-0.7,0.7-1.1,1.1-1.6,Stable,"Schools, colleges, universities, public libraries"
C133,Education,Principal,Master's + BEd,Any stream,MA/MSc + BEd + experience,Promotion/selection,12-15,"School Leadership, Administration, Academics, Stakeholder Management","Leadership, Vision",1.0-1.8,1.8-2.5,2.5-3.5,Stable,"KVS, private schools, state govt schools"
C134,Education,Early Childhood Educator,12th + NTT,Any stream,12th + NTT/ECE,State exam,3-4,"Child Development, Play-based Learning, Caregiving","Patience, Affection, Creativity",0.2-0.4,0.4-0.6,0.6-0.9,Stable,"Preschools, daycare centers, Montessori schools"
C135,Education,Educational Researcher,PhD,Any stream,MA/MSc + PhD,UGC-NET/entrance,8-10,"Research Methodology, Data Analysis, Academic Writing","Analytical, Curiosity",0.6-1.2,1.3-2.0,2.0-3.0,Stable,"Universities, research institutes, think tanks"
C136,Law,Supreme Court Lawyer,LLB + Experience,Any stream,BA LLB/LLB,CLAT/AILET,5-6 + exp,"Litigation, Constitutional Law, Research, Argumentation","Advocacy, Analytical thinking",5-10,20-40,50-100+,Excellent,"Supreme Court of India, top law firms"
C137,Law,Corporate Lawyer,LLB + Specialization,Any stream,BA LLB/LLB + Company Law,CLAT,5-6,"Corporate Law, Contracts, M&A, Compliance, Drafting","Negotiation, Detail-oriented",5-9,12-20,25-45,Excellent,"Amarchand, Khaitan, Trilegal, Cyril Amarchand"
C138,Law,Criminal Lawyer,LLB,Any stream,BA LLB/LLB,CLAT/state,5-6,"Criminal Law, Litigation, Court Procedures, Investigation","Advocacy, Quick thinking",3-7,8-15,15-30,Good,"District courts, High Courts, Supreme Court"
C139,Law,Civil Lawyer,LLB,Any stream,BA LLB/LLB,CLAT/state,5-6,"Civil Law, Property Law, Litigation, Drafting","Patience, Analytical",3-6,7-14,14-25,Good,"Civil courts, High Courts"
C140,Law,Tax Lawyer,LLB + Specialization,Any stream,BA LLB/LLB + Tax Law,CLAT,5-7,"Tax Law, Direct/Indirect Tax, Litigation, Advisory","Analytical, Detail-oriented",5-9,12-20,22-40,Good,"Tax firms, corporates, litigation, Big 4"
C141,Law,Intellectual Property Lawyer,LLB + IP specialization,Any stream,BA LLB/LLB + IPR,CLAT,5-7,"IP Law, Patents, Trademarks, Copyright, Litigation","Analytical, Detail-oriented",5-10,12-22,25-45,Growing,"IP firms, corporates, technology companies"
C142,Law,Cyber Lawyer,LLB + Cyber Law,Any stream,BA LLB/LLB + Cyber Law,CLAT,5-7,"Cyber Law, Data Privacy, IT Act, Cyber Crime","Tech-savvy, Analytical",5-10,12-22,24-44,Growing,"Law firms, tech companies, government agencies"
C143,Law,Family Lawyer,LLB,Any stream,BA LLB/LLB,CLAT/state,5-6,"Family Law, Divorce, Child Custody, Mediation","Empathy, Counseling",3-6,6-12,12-22,Stable,"Family courts, law firms, independent practice"
C144,Law,Legal Advisor,Bachelor's + LLB,Any stream,BA LLB/LLB,CLAT,5-6,"Legal Advisory, Contract Drafting, Compliance, Risk Management","Communication, Business acumen",4-8,9-16,17-30,Good,"Corporates, MNCs, banks, consulting firms"
C145,Law,Public Prosecutor,LLB + Experience,Any stream,BA LLB/LLB + lit exp,State PSC exams,5-8,"Criminal Law, Prosecution, Court Procedures, Investigation","Advocacy, Integrity",0.6-1.2,1.3-2.0,2.0-3.0,Stable,"State government, courts"
C146,Law,Judge (Civil Judge),LLB + Experience,Any stream,BA LLB/LLB + lit exp,Judicial Services exam,6-8,"Law, Court Procedures, Judgement Writing, Administration","Wisdom, Integrity, Patience",0.8-1.5,1.8-2.8,3.0-4.5,Excellent,"State judiciary, High Courts"
C147,Law,High Court Judge,Extensive LLB exp,Any stream,Senior Advocate + exp,Collegium appointment,20-25,"Constitutional Law, Judgement, Administration","Wisdom, Authority, Integrity",2.5-3.5,3.5-4.5,4.5-5.5,Excellent,"High Courts"
C148,Law,Supreme Court Judge,Extensive LLB exp,Any stream,Supreme Court Advocate + exp,Collegium appointment,25-30,"Constitutional Law, Landmark Judgements, Administration","Wisdom, Authority, Integrity",3.0-4.0,4.0-5.0,5.0-6.0,Excellent,"Supreme Court of India"
C149,Law,Legal Researcher,LLB/LLM,Any stream,BA LLB/LLB/LLM,University,5-7,"Legal Research, Writing, Analysis, Citation","Research mindset, Analytical",3-6,6-10,10-16,Growing,"Law firms, universities, research institutes"
C150,Law,Paralegal,Paralegal certificate,Any stream,Paralegal diploma,Institute-based,1-2,"Legal Documentation, Research, Client Communication, Filing","Organization, Attention to detail",2-4,4-7,7-10,Good,"Law firms, corporate legal departments"
C151,Media,Journalist (Print),Bachelor's,Any (English preferred),BA Journalism/BJMC,Entrance/merit,3-4,"Writing, Reporting, Research, Interviewing","Curiosity, Ethics, Communication",2.5-4,5-8,9-14,Stable,"Times of India, Hindu, Indian Express, Hindustan Times"
C152,Media,News Anchor,Graduate,Any stream,BA Journalism/MC,Audition/portfolio,3-4,"On-camera presence, Script Reading, News Knowledge, Voice","Confidence, Communication, Poise",3-6,6-12,12-20,Good,"NDTV, CNN-News18, India Today, Republic, Aaj Tak"
C153,Media,Radio Jockey (RJ),Graduate,Any stream,Any degree + voice training,Audition,3-4,"Voice Modulation, Show Planning, Music Knowledge, Live Broadcasting","Energetic, Witty, Engaging",2-5,5-8,8-12,Good,"Radio Mirchi, Red FM, Fever FM, Vividh Bharati"
C154,Media,Video Jockey (VJ),Graduate,Any stream,Any degree + media training,Audition,3-4,"On-camera presence, Hosting, Scripting, Entertainment","Charisma, Creativity",3-6,5-10,10-15,Good,"MTV, Channel V, 9XM, Zoom, TV channels"
C155,Media,Content Writer,Graduate,Any (English preferred),BA English/Journalism,Portfolio,3-4,"Writing, Research, SEO, Editing, Blogging","Creativity, Time management",2.5-4,4-7,7-11,Excellent,"Content agencies, tech companies, marketing firms"
C156,Media,Copywriter,Graduate,Any stream,BA English/Advertising,Portfolio,3-4,"Copywriting, Advertising, Brand Voice, Persuasive Writing","Creativity, Persuasion",3-5,5-9,9-14,Good,"Ad agencies, marketing departments, brands"
C157,Media,Technical Writer,Graduate,Science/Engineering,BTech/BA English + tech,Portfolio,4-5,"Technical Documentation, API Docs, User Manuals, Simplified Tech","Clarity, Patience, Research",4-7,7-12,12-18,Good,"Tech companies, IT firms, documentation agencies"
C158,Media,Editor (Book/News),Master's,Any (English preferred),MA English/Journalism,Experience,6-8,"Editing, Proofreading, Content Strategy, Publishing","Attention to detail, Patience",3-6,6-10,10-15,Stable,"Publishing houses, newspapers, magazines"
C159,Media,Proofreader,Graduate,Any (English preferred),BA English/Journalism,Test/portfolio,3-4,"Proofreading, Grammar, Spelling, Style Guides","Attention to detail, Focus",2-4,4-6,6-9,Stable,"Publishing, media houses, corporate communications"
C160,Media,Translator,Graduate,Language studies,BA/MA in Languages,Translation test,4-6,"Language Proficiency, Translation Tools, Cultural Knowledge","Accuracy, Cultural sensitivity",2-5,5-8,8-12,Good,"Translation agencies, MNCs, government, media"
C161,Media,Interpreter,Master's,Language studies,MA in Languages + training,Interpretation test,5-7,"Simultaneous Interpretation, Language Fluency, Note-taking","Quick thinking, Neutrality",3-6,6-12,12-20,Good,"UN, MEA, conferences, embassies, MNCs"
C162,Media,Photojournalist,Graduate,Any stream,BA Photography/Journalism,Portfolio,3-4,"Photography, Storytelling, Camera Equipment, Editing","Observation, Courage, Creativity",2-5,5-9,9-14,Good,"News agencies, newspapers, magazines, wire services"
C163,Media,Video Editor,Diploma/Degree,Any stream,Diploma/Degree in Film Editing,Portfolio,2-4,"Editing Software (Premiere/FCP/DaVinci), Storytelling, Color Grading","Creativity, Patience",2-5,5-9,9-15,Good,"TV channels, production houses, OTT platforms"
C164,Media,Sound Engineer,Diploma/Degree,Any stream,Diploma/Degree in Sound Engineering,Portfolio,2-4,"Audio Recording, Mixing, Mastering, Sound Design, DAWs","Technical ear, Patience",2-5,5-9,9-14,Good,"Recording studios, film industry, live events"
C165,Media,Social Media Manager,Graduate,Any stream,Any degree + social media skills,Portfolio,3-4,"Social Media Strategy, Content Creation, Analytics, Community Management","Creativity, Communication, Trend awareness",3-6,6-11,11-17,Excellent,"Brands, agencies, media companies, startups"
C166,Arts,Fashion Designer,Diploma/Degree,Any (Arts preferred),NIFT/NID degree,NIFT/NID entrance,3-4,"Fashion Illustration, Pattern Making, Sewing, Textile Knowledge","Creativity, Trend awareness",3-6,6-12,12-20,Good,"Fabindia, Raymond, Myntra, Amazon Fashion, self-employed"
C167,Arts,Interior Designer,Diploma/Degree,Any stream,Diploma/Degree in Interior Design,NID/entrance,3-4,"Space Planning, AutoCAD, 3D Modeling, Material Knowledge","Creativity, Visualization",3-5,5-10,10-18,Good,"Interior design firms, architecture firms, real estate"
C168,Arts,Graphic Designer,Diploma/Degree,Any (Arts preferred),Diploma/Degree in Graphic Design,NID/portfolio,2-4,"Adobe Creative Suite, Typography, Branding, Layout","Creativity, Communication",2.5-4,4-8,8-13,Good,"Design agencies, media, in-house design teams"
C169,Arts,UX/UI Designer,Graduate,Any stream,Any degree + UX training,Portfolio,3-4,"Figma, User Research, Wireframing, Prototyping, Usability","Empathy, Problem-solving",4-8,8-15,15-25,Excellent,"Tech companies, design consultancies, product firms"
C170,Arts,Product Designer,Graduate,Any stream,IDC/NID degree,CEED/NID,4-5,"Industrial Design, CAD, 3D Modeling, Material Science","Creativity, User focus",4-7,7-14,14-22,Good,"Product companies, consumer goods, automotive, startups"
C171,Arts,Animation Artist,Diploma/Degree,Any (Arts preferred),Arena/MAAC/degree,Portfolio,2-4,"Maya, 3ds Max, Blender, Character Animation, Storyboarding","Creativity, Patience",2-5,5-9,9-15,Good,"Animation studios, gaming, film, advertising"
C172,Arts,VFX Artist,Diploma/Degree,Any (Arts preferred),Arena/MAAC/degree,Portfolio,2-4,"Nuke, After Effects, Compositing, 3D Integration, Tracking","Creativity, Technical eye",2-5,5-10,10-16,Good,"VFX studios (Prime Focus, Red Chillies), film industry"
C173,Arts,Jewelry Designer,Diploma/Degree,Any (Arts preferred),NIFT/Jewelry Design,NIFT/entrance,3-4,"Jewelry Design, CAD, Gemology, Metal Smithing","Creativity, Precision",2-5,5-9,9-15,Good,"Jewelry brands, export houses, self-employed"
C174,Arts,Textile Designer,Diploma/Degree,Any (Arts preferred),NIFT/Textile Design,NIFT/entrance,3-4,"Textile Design, Weaving, Printing, Color Theory","Creativity, Pattern sense",2-5,5-9,9-14,Good,"Textile mills, fashion houses, export houses"
C175,Arts,Game Designer,Graduate,Any stream,Game Design degree/portfolio,Portfolio,3-4,"Game Mechanics, Level Design, Storytelling, Unity/Unreal","Creativity, Systems thinking",3-6,6-12,12-20,Growing,"Game studios (Ubisoft, EA, Nazara, Zynga)"
C176,Arts,Illustrator,Diploma/Degree,Any (Arts preferred),Fine Arts/Illustration,Portfolio,3-4,"Drawing, Digital Illustration, Character Design, Style","Creativity, Imagination",2-5,5-8,8-13,Good,"Publishing, advertising, animation, freelance"
C177,Arts,Art Director,Experience,Any (Arts preferred),Design degree + experience,Portfolio/experience,8-10,"Visual Direction, Team Leadership, Concept Development, Design","Vision, Leadership",6-12,12-22,22-35,Good,"Ad agencies, media, film, design studios"
C178,Arts,Photographer,Diploma/Degree,Any stream,Photography course,Portfolio,1-3,"Photography, Lighting, Editing, Camera Equipment","Creative eye, Patience",2-5,5-10,10-20,Good,"Wedding, fashion, commercial, journalism, studios"
C179,Arts,Calligrapher,Training,Any stream,Calligraphy workshops,Portfolio,0.5-2,"Hand Lettering, Design, Ink Techniques, Styles","Patience, Precision",1-3,3-6,6-10,Niche,"Events, wedding industry, design, self-employed"
C180,Arts,Mural Artist,Training,Any stream,Art training/workshops,Portfolio,1-3,"Large-scale Painting, Design, Color Theory, Technique","Creativity, Physical stamina",2-5,5-10,10-18,Growing,"Public art, corporate, hospitality, real estate"
C181,Entertainment,Actor (Film),Training,Any stream,Acting school/NSD,Auditions,1-3,"Acting, Voice, Movement, Script Analysis","Expressiveness, Perseverance",Varies,Varies,Varies,Competitive,"Bollywood, regional cinema, OTT platforms"
C182,Entertainment,Actor (Theatre),Training,Any stream,NSD/acting school,Auditions,1-3,"Stage Acting, Voice Projection, Movement, Improvisation","Expressiveness, Teamwork",1-4,4-8,8-15,Stable,"Theatre groups, NSD, repertory companies"
C183,Entertainment,Director (Film),Experience,Any stream,Film institute/experience,Portfolio,8-10,"Storytelling, Direction, Script Analysis, Team Leadership","Vision, Leadership",Varies,Varies,Varies,Competitive,"Film industry, OTT, production houses"
C184,Entertainment,Producer (Film),Experience/Business,Any stream,Media degree/experience,Network/portfolio,8-12,"Production Management, Fundraising, Business, Marketing","Business acumen, Networking",Varies,Varies,Varies,Competitive,"Production houses, independent films"
C185,Entertainment,Cinematographer,Diploma/Degree,Any (Arts preferred),Film institute/degree,Portfolio,3-5,"Camera Operation, Lighting, Composition, Color Grading","Visual eye, Technical skill",3-8,8-18,18-35,Good,"Film industry, advertising, OTT"
C186,Entertainment,Editor (Film),Diploma/Degree,Any stream,Film editing course,Portfolio,2-4,"Editing Software (Premiere, Avid, DaVinci), Storytelling, Pacing","Creative, Patient",3-7,7-15,15-28,Good,"Film, TV, OTT, advertising"
C187,Entertainment,Sound Designer,Diploma/Degree,Any stream,Sound engineering degree,Portfolio,3-4,"Sound Recording, Editing, Mixing, Foley, DAWs","Technical ear, Creativity",3-6,6-12,12-22,Good,"Film industry, music studios, game audio"
C188,Entertainment,Music Director,Training,Any stream,Music training/composing,Portfolio,5-8,"Music Composition, Arrangement, Production, Direction","Musicality, Creativity",Varies,Varies,Varies,Competitive,"Film industry, music labels, independent"
C189,Entertainment,Singer (Playback),Training,Any stream,Music training,Auditions,5-10,"Vocal Technique, Range, Style, Recording","Expressiveness, Discipline",Varies,Varies,Varies,Competitive,"Film industry, music industry"
C190,Entertainment,Dancer (Professional),Training,Any stream,Dance training/workshops,Auditions,5-15,"Dance Technique, Choreography, Performance, Style","Expressiveness, Physical fitness",2-8,8-20,20-40,Good,"Film industry, dance companies, live shows"
C191,Entertainment,Choreographer,Experience,Any stream,Dance training + experience,Portfolio/network,8-12,"Choreography, Dance Styles, Teaching, Direction","Creativity, Leadership",4-10,10-25,25-50,Good,"Film industry, stage shows, dance academies"
C192,Entertainment,Model,Training,Any stream,Modeling workshops,Portfolio/auditions,1-3,"Walk, Pose, Photogenic, Fitness","Confidence, Professionalism",2-8,8-20,20-40,Competitive,"Fashion industry, advertising, ramp"
C193,Entertainment,Stand-up Comedian,Any,Any stream,Comedy workshops/open mics,Open mics,1-5,"Comedy Writing, Timing, Stage Presence, Improvisation","Wit, Confidence",1-5,5-15,15-50,Growing,"Comedy clubs, OTT, live shows"
C194,Entertainment,YouTuber,Any,Any stream,Content creation skills,Channel growth,0-3,"Video Production, Content Strategy, SEO, Social Media","Creativity, Consistency",0-10,10-50,50-Cr+,Growing,"Self, YouTube, influencer agencies"
C195,Entertainment,Influencer,Any,Any stream,Content creation skills,Social media presence,0-3,"Content Creation, Social Media, Branding, Engagement","Authenticity, Networking",0-8,8-40,40-Cr+,Growing,"Self, influencer agencies, brands"
C196,Skilled Trades,Electrician,ITI/Diploma,Science (10th/12th),ITI Electrician,NCVT/SCVT,1-2,"Electrical Wiring, Circuit Troubleshooting, Safety Procedures","Attention to detail, Problem-solving",1.5-3,3-6,6-10,Good,"Construction, manufacturing, self-employed"
C197,Skilled Trades,Plumber,ITI,10th pass,ITI Plumber,NCVT/SCVT,1-2,"Pipe Fitting, Plumbing Systems, Drainage, Repair","Practical, Problem-solving",1.5-2.5,2.5-5,5-8,Good,"Construction, maintenance, self-employed"
C198,Skilled Trades,Carpenter,ITI,10th pass,ITI Carpenter,NCVT/SCVT,1-2,"Woodworking, Furniture Making, Joinery, Finishing","Precision, Creativity",1.5-3,3-6,6-10,Good,"Construction, furniture, self-employed"
C199,Skilled Trades,Welder,ITI,10th pass,ITI Welder,NCVT/SCVT,1-2,"Welding Techniques (Arc, MIG, TIG), Metal Fabrication","Precision, Safety focus",1.5-3,3-6,6-9,Good,"Manufacturing, construction, shipbuilding"
C200,Skilled Trades,Fitter,ITI,10th pass,ITI Fitter,NCVT/SCVT,1-2,"Assembly, Maintenance, Reading Drawings, Machine Operation","Mechanical aptitude, Precision",1.5-3,3-5,5-8,Good,"Manufacturing, automotive, industrial"
C201,Skilled Trades,Machinist,ITI,10th pass,ITI Machinist,NCVT/SCVT,1-2,"Lathe, Milling, Grinding, Reading Blueprints","Precision, Patience",1.5-3,3-6,6-9,Good,"Manufacturing, tool rooms, workshops"
C202,Skilled Trades,Tool Maker,ITI/Diploma,10th/12th pass,ITI Tool & Die,NCVT/SCVT,2-3,"Die Making, Mould Making, Precision Machining, CAD/CAM","Precision, Problem-solving",2-4,4-7,7-12,Good,"Tool rooms, automotive, manufacturing"
C203,Skilled Trades,Painter (Industrial),ITI,10th pass,ITI Painter,NCVT/SCVT,1-2,"Industrial Painting, Surface Preparation, Coating Application","Attention to detail, Safety",1.5-2.5,2.5-4,4-6,Stable,"Automotive, manufacturing, construction"
C204,Skilled Trades,HVAC Technician,ITI/Diploma,10th/12th pass,ITI Refrigeration,NCVT/SCVT,1-2,"AC Repair, Refrigeration, Ventilation, Troubleshooting","Practical, Customer service",2-3,3-5,5-8,Good,"AC service, commercial buildings, hotels"
C205,Skilled Trades,Automobile Mechanic,ITI,10th pass,ITI Mechanic Motor Vehicle,NCVT/SCVT,1-2,"Engine Repair, Transmission, Diagnostics, Electrical Systems","Problem-solving, Practical",1.5-3,3-6,6-9,Good,"Workshops, dealerships, self-employed"
C206,Skilled Trades,CNC Operator,ITI/Diploma,10th/12th pass,ITI Machinist/CNC,NCVT/SCVT,1-2,"CNC Operation, Programming, Tool Setting, Quality Check","Precision, Technical",2-3.5,3.5-6,6-9,Good,"Manufacturing, automotive components"
C207,Skilled Trades,Construction Supervisor,Diploma,10th/12th pass,Diploma in Civil,State board,3,"Site Supervision, Labor Management, Quality Control, Safety","Leadership, Practical",2-4,4-7,7-11,Good,"Construction companies, real estate"
C208,Skilled Trades,Interior Decorator,Diploma,Any stream,Interior Decoration course,Institute-based,1-2,"Color Schemes, Furnishings, Space Planning, Decor","Creative eye, Communication",2-4,4-7,7-12,Good,"Home decor, real estate, self-employed"
C209,Skilled Trades,Makeup Artist,Certification,Any stream,Makeup course,Portfolio,0.5-1,"Makeup Techniques, Skin Care, Product Knowledge, Bridal","Creativity, Hygiene",1-4,4-8,8-15,Good,"Bridal, film, fashion, salons, self-employed"
C210,Skilled Trades,Hair Stylist,Certification,10th pass,Hair styling course,Portfolio,0.5-1,"Hair Cutting, Styling, Coloring, Treatments","Creativity, Customer service",1-3,3-6,6-10,Good,"Salons, unisex parlors, self-employed"
C211,Agriculture,Agricultural Scientist,Master's/PhD,Science PCB/Biotech,BSc + MSc/PhD,ICAR/entrance,7-10,"Research, Crop Science, Soil Science, Genetics, Lab Work","Analytical, Patience",0.5-1.0,1.0-1.8,1.8-2.8,Good,"ICAR institutes, agri universities, research orgs"
C212,Agriculture,Agriculture Officer,Bachelor's,Science Agriculture,BSc Agriculture,State exams/ICAR,4-5,"Extension, Crop Management, Govt Schemes, Training","Communication, Field orientation",0.4-0.8,0.8-1.3,1.3-2.0,Good,"State Agriculture Dept, Central agencies"
C213,Agriculture,Farm Manager,Bachelor's,Science Agriculture,BSc Agriculture,Experience,4-5,"Farm Operations, Crop Planning, Budgeting, Team Management","Management, Practical",2-4,4-7,7-12,Growing,"Corporate farms, agri-business, own farm"
C214,Agriculture,Agronomist,Master's,Science Agriculture,BSc + MSc Agronomy,ICAR/entrance,5-7,"Crop Production, Soil Management, Research, Irrigation","Analytical, Field orientation",0.4-0.8,0.8-1.4,1.4-2.2,Good,"Agri universities, research stations, agri companies"
C215,Agriculture,Horticulturist,Bachelor's,Science PCB/Biotech,BSc Horticulture,ICAR/entrance,4-5,"Fruit/Veg Cultivation, Nursery Management, Landscaping","Plant knowledge, Practical",0.3-0.7,0.7-1.2,1.2-1.8,Good,"Horticulture dept, nurseries, landscaping firms"
C216,Agriculture,Soil Conservationist,Master's,Science Agriculture/Geology,BSc + MSc Soil Science,ICAR/entrance,5-7,"Soil Analysis, Conservation Planning, Watershed Management","Environmental focus, Analytical",0.4-0.8,0.8-1.4,1.4-2.0,Good,"Soil dept, watershed projects, NGOs"
C217,Agriculture,Plant Pathologist,Master's/PhD,Science Botany/Biotech,BSc + MSc Plant Pathology,ICAR/entrance,6-9,"Disease Identification, Plant Protection, Research, Lab Work","Analytical, Research",0.4-0.9,0.9-1.6,1.6-2.4,Good,"Research institutes, agri universities"
C218,Agriculture,Entomologist,Master's/PhD,Science Zoology/Biotech,BSc + MSc Entomology,ICAR/entrance,6-9,"Insect Study, Pest Management, Research, Biological Control","Analytical, Observation",0.4-0.9,0.9-1.6,1.6-2.4,Good,"Research institutes, pest control, agri"
C219,Agriculture,Seed Technologist,Bachelor's,Science Agriculture/Biotech,BSc Seed Technology,ICAR/entrance,4-5,"Seed Production, Testing, Processing, Certification","Quality focus, Detail-oriented",0.3-0.7,0.7-1.2,1.2-1.8,Good,"Seed companies, certification agencies"
C220,Agriculture,Poultry Farmer,Diploma/Training,10th/12th pass,Poultry training,Experience,0.5-2,"Poultry Management, Bird Health, Feed Formulation, Marketing","Business sense, Animal care",1-3,3-6,6-12,Growing,"Self, poultry companies, contract farming"
C221,Agriculture,Dairy Farmer,Diploma/Training,10th/12th pass,Dairy farming training,Experience,0.5-2,"Animal Husbandry, Milk Production, Cattle Health, Feed Management","Animal care, Business sense",1-3,3-6,6-12,Growing,"Self, dairy cooperatives (Amul, Nandini)"
C222,Agriculture,Fisheries Officer,Bachelor's,Science PCB/Biotech,BSc Fisheries,ICAR/State exam,4-5,"Fish Farming, Hatchery Management, Fishery Extension","Practical, Environmental awareness",0.4-0.8,0.8-1.3,1.3-2.0,Good,"Fisheries dept, fish farms, research"
C223,Agriculture,Sericulturist,Diploma/Degree,Science PCB/Biotech,Diploma/Degree in Sericulture,University/entrance,3-5,"Silk Farming, Mulberry Cultivation, Silkworm Rearing","Patience, Observation",0.3-0.6,0.6-1.1,1.1-1.6,Stable,"Sericulture dept, silk boards, self"
C224,Agriculture,Organic Farming Consultant,Bachelor's,Science Agriculture,BSc Agriculture + organic cert,Experience,4-6,"Organic Practices, Certification, Farm Planning, Training","Sustainability focus, Communication",0.3-0.7,0.7-1.4,1.4-2.2,Growing,"Organic farms, NGOs, certification bodies"
C225,Agriculture,Food Technologist,Bachelor's,Science PCB/Chemistry,BSc Food Technology,ICAR/entrance,4-5,"Food Processing, Quality Control, Product Development, Safety","Analytical, Hygiene focus",2-4,4-7,7-12,Good,"Food companies (Britannia, Nestle, Amul, ITC)"
C226,Hospitality,Hotel Manager,Diploma/Degree,Any stream,IHM degree/NCHMCT,NCHMCT JEE,3-4,"Hotel Operations, Front Office, F&B, Finance, Staff Management","Leadership, Customer focus",3-6,6-12,12-20,Good,"Taj, Oberoi, ITC, Marriott, Hyatt, Leela"
C227,Hospitality,Executive Chef,Diploma/Degree,Any stream,IHM degree + experience,NCHMCT JEE,4-6 + exp,"Culinary Arts, Menu Planning, Kitchen Management, Food Costing","Creativity, Leadership",4-8,8-16,16-30,Good,"5-star hotels, fine dining, cruise ships"
C228,Hospitality,Sous Chef,Diploma/Degree,Any stream,IHM degree,NCHMCT JEE,3-4 + exp,"Cooking, Kitchen Supervision, Inventory, Quality Control","Leadership, Creativity",3-5,5-9,9-14,Good,"Hotels, restaurants, catering"
C229,Hospitality,Restaurant Manager,Diploma/Degree,Any stream,IHM degree/HM,Institute,3-4,"Restaurant Operations, Staff Management, Customer Service, Inventory","Leadership, Customer focus",2-5,5-9,9-15,Good,"Restaurant chains (Specialty, Barbeque Nation), hotels"
C230,Hospitality,F&B Manager,Diploma/Degree,Any stream,IHM degree,NCHMCT JEE,3-4,"F&B Operations, Menu Planning, Inventory, Staff Training, Budget","Organization, Customer focus",3-6,6-10,10-16,Good,"Hotels, cruise lines, airlines, catering"
C231,Hospitality,Front Office Manager,Diploma/Degree,Any stream,IHM degree,NCHMCT JEE,3-4,"Front Desk, Reservations, Guest Relations, Communication","Hospitality, Problem-solving",2-5,5-8,8-13,Good,"Hotels, resorts, business centers"
C232,Hospitality,Housekeeping Manager,Diploma/Degree,Any stream,IHM degree,NCHMCT JEE,3-4,"Housekeeping Operations, Staff Management, Inventory, Quality","Organization, Attention to detail",2-4,4-7,7-11,Good,"Hotels, hospitals, facility management"
C233,Hospitality,Banquet Manager,Diploma/Degree,Any stream,IHM degree,NCHMCT JEE,3-4,"Event Planning, Banquet Operations, Client Handling, Coordination","Organization, Communication",2-5,5-9,9-14,Good,"Hotels, convention centers, banquet halls"
C234,Hospitality,Catering Manager,Diploma/Degree,Any stream,IHM degree/Nutrition,Institute,3-4,"Catering Operations, Menu Planning, Logistics, Client Management","Organization, Business sense",2-5,5-9,9-14,Good,"Catering companies, corporate, institutions"
C235,Hospitality,Travel Agent,Diploma/Degree,Any stream,Travel & Tourism diploma,Institute,1-2,"Travel Booking, Itinerary Planning, Destination Knowledge, CRS","Customer service, Sales",2-4,4-7,7-10,Stable,"Travel agencies (Thomas Cook, SOTC, MakeMyTrip)"
C236,Hospitality,Tour Guide,Diploma/Certificate,Any stream,Tour Guide certification,Dept of Tourism,0.5-1,"Local History, Culture, Language, Storytelling, Customer Service","Communication, Enthusiasm",1-3,3-6,6-10,Good,"Tour operators, freelance, monuments"
C237,Hospitality,Flight Attendant,12th/Graduate,Any stream,12th/Graduate + training,Airline recruitment,0.5-1,"Safety Procedures, First Aid, Customer Service, Grooming","Communication, Poise, Empathy",5-8,8-12,12-18,Good,"Air India, IndiGo, SpiceJet, Vistara, Emirates"
C238,Hospitality,Ground Staff,12th/Graduate,Any stream,12th/Graduate + training,Airport recruitment,0.5-1,"Check-in, Boarding, Baggage Handling, Customer Service","Efficiency, Communication",3-5,5-8,8-12,Good,"Airports, airlines, ground handling agencies"
C239,Hospitality,Travel Consultant,Bachelor's,Any stream,Travel & Tourism degree,Institute,3-4,"Travel Planning, Booking, Destination Knowledge, CRM","Sales, Customer service",2-5,5-8,8-12,Good,"Travel agencies, corporate travel desks"
C240,Hospitality,Event Manager,Graduate,Any stream,Event Management degree,Institute,3-4,"Event Planning, Vendor Management, Budgeting, Coordination","Organization, Creativity, Networking",2-5,5-10,10-18,Good,"Event companies (Wizcraft, E-factor), hotels, self"
C241,Sports,Professional Athlete (Cricket),Training,Athletic background,Academy training,Trials/domestic,5-10,"Sport-specific Skills, Fitness, Strategy, Mental Toughness","Discipline, Teamwork, Focus",5-20,20Cr-5Cr,5Cr+,Competitive,"BCCI, IPL teams, state associations"
C242,Sports,Professional Athlete (Football),Training,Athletic background,Academy training,Trials,5-10,"Football Skills, Fitness, Tactics, Team Play","Discipline, Teamwork",2-10,10-50L,50L-2Cr,Growing,"ISL teams, state associations, AIFF"
C243,Sports,Professional Athlete (Badminton),Training,Athletic background,Academy training,Trials/rankings,5-10,"Badminton Skills, Fitness, Strategy, Mental Strength","Discipline, Focus",2-10,10-50L,50L-2Cr,Growing,"BAI, PBL teams, state associations"
C244,Sports,Professional Athlete (Tennis),Training,Athletic background,Academy training,Rankings/trials,5-15,"Tennis Skills, Fitness, Mental Game, Strategy","Discipline, Independence",2-20,20L-1Cr,1Cr+,Stable,"AITA, private sponsors, international"
C245,Sports,Sports Coach,Bachelor's + Coaching cert,Athletic background,NIS diploma/BPEd,NIS entrance,4-6,"Sport Expertise, Coaching Methods, Fitness Training, Strategy","Leadership, Motivation",3-6,6-12,12-20,Good,"Sports authorities, academies, schools, clubs"
C246,Sports,Physical Education Teacher,Bachelor's + BPEd,Any stream,BPEd/MPEd,University/state,4-6,"Physical Training, Sports Coaching, Fitness Assessment, Health Ed","Motivation, Communication",0.3-0.6,0.6-1.0,1.0-1.5,Good,"Schools, colleges, institutions"
C247,Sports,Fitness Trainer,Diploma/Certificate,Any stream,Personal Training cert,Institute cert,0.5-1,"Exercise Programming, Nutrition Basics, Client Assessment, Motivation","Communication, Motivation",1-4,4-8,8-15,Good,"Gyms (Cult, Gold's Gym, Talwalkars), self"
C248,Sports,Yoga Teacher,Training,Any stream,Yoga Teacher Training (YTT),Yoga Alliance/Institute,0.5-1,"Yoga Asanas, Pranayama, Meditation, Anatomy","Patience, Communication",1-4,4-8,8-15,Good,"Yoga studios, wellness centers, self, online"
C249,Sports,Sports Psychologist,Master's,Psychology,MA/MSc Sports Psych,Entrance,5-7,"Mental Training, Counseling, Performance Enhancement, Assessment","Empathy, Communication",0.4-0.8,0.8-1.5,1.5-2.5,Growing,"Sports authorities, academies, teams"
C250,Sports,Sports Physiotherapist,Master's,Science PCB,MPT Sports,NEET-PG/entrance,5-7,"Sports Injury Management, Rehabilitation, Taping, Manual Therapy","Empathy, Physical stamina",0.4-0.9,0.9-1.8,1.8-3.0,Growing,"Sports teams, academies, rehabilitation centers"
C251,Sports,Sports Nutritionist,Master's,Science PCB/Nutrition,MSc Sports Nutrition,Entrance,5-7,"Diet Planning for Athletes, Supplement Knowledge, Performance Nutrition","Analytical, Communication",0.4-0.8,0.8-1.6,1.6-2.5,Growing,"Sports teams, academies, fitness centers"
C252,Sports,Sports Journalist,Bachelor's,Any (English preferred),BA Journalism,University,3-4,"Sports Writing, Reporting, Interviewing, Broadcasting","Passion for sports, Communication",2-5,5-8,8-12,Good,"Sports channels, newspapers, digital platforms"
C253,Sports,Sports Commentator,Bachelor's,Any stream,Any degree + sports knowledge,Network/experience,5-8,"Commentary, Sports Knowledge, Voice, Live Presentation","Articulation, Passion",3-8,8-15,15-25,Good,"Sports channels (Star Sports, Sony Ten), radio"
C254,Sports,Umpire/Referee,Training,Athletic background,Officiating certification,Board/association,2-5,"Rules Knowledge, Decision-making, Positioning, Game Management","Judgment, Confidence",2-6,6-12,12-20,Good,"BCCI, AIFF, state associations, international"
C255,Sports,Sports Manager,Bachelor's/MBA,Any stream,Sports Management degree,University,4-6,"Team Management, Event Planning, Sponsorship, Marketing","Organization, Networking",3-7,7-14,14-22,Growing,"Sports leagues (IPL, ISL), agencies, teams"
C256,Social Work,Social Worker (NGO),Bachelor's,Any stream,BSW/MSW,TISS/entrance,4-6,"Community Organizing, Counseling, Project Management, Advocacy","Empathy, Patience, Communication",2-4,4-7,7-10,Stable,"NGOs (Pratham, CRY, Goonj), development sector"
C257,Social Work,Community Organizer,Bachelor's,Any stream,Social Work degree,Experience,4-5,"Community Mobilization, Advocacy, Event Planning, Networking","Leadership, Empathy",2-4,4-6,6-9,Stable,"NGOs, community-based orgs, govt programs"
C258,Social Work,Child Rights Activist,Master's,Any stream,MSW + child rights focus,Experience,5-7,"Child Protection, Advocacy, Policy, Counseling","Passion, Patience",2-5,5-8,8-12,Stable,"Child rights NGOs (CRY, Save Children), UNICEF"
C259,Social Work,Women's Rights Activist,Master's,Any stream,MSW + gender studies,Experience,5-7,"Gender Issues, Advocacy, Counseling, Legal Awareness","Empathy, Courage",2-5,5-8,8-12,Stable,"Women's orgs (Sewa, Snehalaya), govt, UN"
C260,Social Work,Environmental Activist,Master's,Environmental Science,Environmental degree + activism,Experience,5-8,"Environmental Issues, Campaigning, Advocacy, Research","Passion, Communication",2-5,5-8,8-12,Growing,"Greenpeace, CSE, WWF, local environmental groups"
C261,Social Work,Human Rights Advocate,Master's,Law/Social Work,LLB/MSW + HR focus,Experience,5-8,"Human Rights Law, Advocacy, Documentation, Campaigning","Courage, Empathy",2-5,5-9,9-14,Stable,"Human rights orgs (PUCL, Amnesty), UN"
C262,Social Work,Disaster Management Specialist,Master's,Any stream,Disaster Management degree,Experience,5-7,"Disaster Response, Relief Operations, Risk Assessment, Planning","Calm under pressure, Organization",3-6,6-10,10-16,Growing,"NDMA, SDMA, NGOs (Goonj), international agencies"
C263,Social Work,Rehabilitation Counselor,Master's,Psychology/Social Work,MA/MSc Rehabilitation,Entrance,5-7,"Counseling, Rehabilitation Planning, Assessment, Therapy","Empathy, Patience",2-5,5-8,8-12,Good,"Rehab centers, hospitals, NGOs"
C264,Social Work,De-addiction Counselor,Master's,Psychology/Social Work,MA/MSc Counseling,Experience/training,5-7,"Addiction Counseling, Therapy, Relapse Prevention, Group Sessions","Empathy, Non-judgmental",2-5,5-8,8-12,Growing,"De-addiction centers, NGOs, hospitals"
C265,Social Work,Corporate Social Responsibility Manager,Bachelor's/MBA,Any stream,MBA/CSR experience,Corporate recruitment,5-8,"CSR Strategy, Project Management, Stakeholder Engagement, Reporting","Strategic thinking, Empathy",4-8,8-15,15-22,Growing,"Corporates, CSR foundations, consulting"
C266,Social Work,Philanthropy Advisor,Master's,Any stream,Development Management,Experience,6-9,"Grant-making, Due Diligence, Strategy, Impact Assessment","Analytical, Ethics",5-10,10-18,18-28,Growing,"Philanthropic foundations, family offices"
C267,Social Work,International Development Worker,Master's,Any stream,Development Studies,Experience,6-8,"Project Management, Cross-cultural Communication, Monitoring, Reporting","Adaptability, Patience",3-7,7-13,13-20,Stable,"UN agencies, INGOs, bilateral aid orgs"
C268,Social Work,Policy Analyst (Social),Master's,Public Policy/Social Work,MPP/MSW,Entrance/experience,5-7,"Policy Research, Data Analysis, Writing, Advocacy","Analytical, Communication",4-8,8-14,14-22,Growing,"Think tanks (CPR, PRS), govt, research orgs"
C269,Social Work,Fundraiser (NGO),Bachelor's,Any stream,Any degree + fundraising,Experience,4-6,"Fundraising Strategy, Donor Relations, Grant Writing, Events","Persuasion, Networking",2-5,5-9,9-14,Growing,"NGOs, foundations, social enterprises"
C270,Social Work,Volunteer Coordinator,Bachelor's,Any stream,Social Work degree,Experience,4-5,"Volunteer Management, Training, Scheduling, Communication","Organization, Interpersonal",2-4,4-7,7-10,Stable,"NGOs, non-profits, community orgs"
C271,Science,Space Scientist,Master's/PhD,Science PCM,BSc + MSc/PhD,ISRO/GATE/entrance,7-12,"Astrophysics, Rocket Science, Satellite Tech, Remote Sensing","Analytical, Precision",0.8-1.5,1.8-2.8,3.0-4.5,Excellent,"ISRO centers (VSSC, SAC, URSC), DRDO"
C272,Science,Physicist,Master's/PhD,Science PCM,BSc + MSc/PhD,JAM/GATE,7-10,"Physics Research, Experimentation, Data Analysis, Theoretical Modeling","Analytical, Curiosity",0.5-1.2,1.2-2.2,2.2-3.5,Good,"Research labs (TIFR, IISc, IITs, BARC)"
C273,Science,Chemist,Master's/PhD,Science PCM/Chemistry,BSc + MSc/PhD,JAM/GATE,7-10,"Chemical Analysis, Synthesis, Lab Techniques, Research","Precision, Analytical",0.5-1.0,1.0-2.0,2.0-3.0,Good,"Research institutes, pharma, chemical industry"
C274,Science,Biologist,Master's/PhD,Science PCB/Biotech,BSc + MSc/PhD,JAM/entrance,7-10,"Lab Research, Field Studies, Data Analysis, Scientific Writing","Observation, Patience",0.5-1.0,1.0-2.0,2.0-3.0,Good,"Research labs, biotech companies, conservation"
C275,Science,Marine Biologist,Master's/PhD,Science PCB,BSc + MSc Marine Biology,JAM/entrance,7-10,"Marine Research, Field Surveys, Lab Analysis, Conservation","Curiosity, Physical stamina",0.4-0.9,0.9-1.8,1.8-2.8,Niche,"Research institutes, conservation orgs, aquariums"
C276,Science,Wildlife Biologist,Master's/PhD,Science PCB/Botany/Zoology,BSc + MSc Wildlife,JAM/entrance,7-10,"Wildlife Research, Field Surveys, Conservation, Camera Trapping","Patience, Observation",0.4-0.9,0.9-1.8,1.8-2.8,Good,"Wildlife institutes (WII), NGOs, forest dept"
C277,Science,Environmental Scientist,Master's/PhD,Science PCB/Environmental,BSc + MSc Env Science,JAM/entrance,7-10,"Environmental Monitoring, Impact Assessment, Lab Analysis, Research","Analytical, Environmental passion",0.4-0.9,0.9-1.8,1.8-2.8,Growing,"CPCB, NGOs, consultancies, research orgs"
C278,Science,Geologist,Master's/PhD,Science PCM/Geology,BSc + MSc Geology,JAM/GATE,7-10,"Geological Surveys, Mineral Exploration, Mapping, Lab Analysis","Observation, Analytical",0.5-1.2,1.2-2.2,2.2-3.2,Good,"GSI, ONGC, mining companies, research"
C279,Science,Meteorologist,Master's/PhD,Science PCM/Maths,BSc + MSc Meteorology,JAM/IMD exam,7-10,"Weather Forecasting, Climate Modeling, Data Analysis, Radar","Analytical, Patience",0.5-1.0,1.0-2.0,2.0-3.0,Good,"IMD, IITM, research orgs, aviation"
C280,Science,Research Scientist (Biotech),PhD,Science Biotech/Biochem,BSc + MSc + PhD,JAM/GATE,8-12,"Molecular Biology, Lab Techniques, Research, Publication","Precision, Persistence",0.8-1.5,1.5-2.8,2.8-4.5,Good,"Biotech companies, research labs (DBT, ICGEB)"
C281,Science,Food Scientist,Master's,Science PCB/Chemistry,BSc + MSc Food Science,JAM/entrance,5-7,"Food Analysis, Product Development, Quality Control, Safety","Analytical, Innovation",0.4-0.9,0.9-1.8,1.8-2.6,Good,"Food industry (Nestle, Britannia, Amul), research"
C282,Science,Forensic Scientist,Master's,Science PCB/Chemistry,BSc + MSc Forensic Science,Entrance/experience,5-7,"Crime Scene Analysis, Lab Testing, Evidence Handling, Report Writing","Precision, Analytical",0.4-0.9,0.9-1.8,1.8-2.6,Good,"Forensic labs, CBI, police, private labs"
C283,Science,Archaeologist,Master's/PhD,History/Anthropology,BA + MA Archaeology,Entrance/experience,6-10,"Excavation, Artifact Analysis, Dating Techniques, Research","Patience, Observation",0.4-0.8,0.8-1.5,1.5-2.2,Stable,"ASI, universities, research institutes"
C284,Science,Anthropologist,Master's/PhD,Anthropology,BA + MA Anthropology,Entrance/experience,6-10,"Field Research, Cultural Documentation, Human Evolution, Ethnography","Observation, Patience",0.4-0.8,0.8-1.5,1.5-2.2,Stable,"Research institutes, museums, NGOs"
C285,Science,Linguist,Master's/PhD,Languages/Linguistics,BA + MA Linguistics,Entrance/experience,6-10,"Language Analysis, Phonetics, Syntax, Fieldwork, Documentation","Analytical, Patience",0.4-0.8,0.8-1.5,1.5-2.2,Stable,"Universities, research, language tech, translation"
C286,Retail,Store Manager,Bachelor's,Any stream,Any degree + retail exp,Retail recruitment,4-6,"Store Operations, Inventory Management, Sales, Staff Management","Leadership, Customer focus",2-5,5-9,9-15,Good,"Retail chains (Reliance Retail, DMart, Shoppers Stop)"
C287,Retail,Visual Merchandiser,Diploma,Any stream,Fashion/Retail diploma,Institute,2-3,"Display Design, Window Dressing, Color Theory, Product Placement","Creativity, Trend awareness",2-4,4-7,7-11,Good,"Retail brands, department stores, boutiques"
C288,Retail,Buyer (Retail),Bachelor's,Any stream,BBA/Retail management,Experience,4-6,"Sourcing, Negotiation, Product Selection, Trend Analysis","Business sense, Negotiation",3-6,6-11,11-18,Good,"Retail chains, e-commerce, department stores"
C289,Retail,Merchandiser,Bachelor's,Any stream,BBA/Retail/Fashion,Institute,3-4,"Merchandising, Inventory Planning, Sales Analysis, Vendor Management","Analytical, Organization",2-5,5-9,9-14,Good,"Apparel brands, retail, export houses"
C290,Retail,E-commerce Manager,Bachelor's,Any stream,BBA/MBA,CAT/experience,4-6,"E-commerce Strategy, Online Sales, Marketplace Management, Digital Marketing","Strategic, Data-driven",4-8,8-16,16-25,Excellent,"Amazon, Flipkart, Myntra, Ajio, Nykaa"
C291,Retail,Category Manager,Bachelor's/MBA,Any stream,MBA,CAT/experience,5-8,"Category Strategy, P&L Management, Vendor Relations, Sales Analysis,"Strategic, Analytical",6-12,12-22,22-35,Excellent,"E-commerce (Amazon, Flipkart), retail chains"
C292,Retail,Supply Chain Manager,Master's,Any stream,SCM degree/MBA,Entrance/experience,5-7,"Logistics, Inventory, Demand Planning, Warehousing, Transport","Analytical, Problem-solving",4-8,8-16,16-25,Good,"All product companies, e-commerce, 3PL"
C293,Retail,Logistics Coordinator,Bachelor's,Any stream,BBA/Logistics,Institute,3-4,"Shipment Tracking, Documentation, Coordination, Inventory","Organization, Communication",2-4,4-7,7-11,Good,"Logistics firms (Gati, DTDC, Blue Dart), companies"
C294,Retail,Demand Planner,Master's,Any stream,Supply Chain/Statistics,Experience,4-6,"Demand Forecasting, Data Analysis, Inventory Planning, Excel","Analytical, Detail-oriented",3-6,6-11,11-16,Good,"FMCG, retail, e-commerce, manufacturing"
C295,Retail,Quality Assurance (Retail),Bachelor's,Any stream,Any degree + QA training,Experience,4-5,"Product Inspection, Quality Standards, Vendor Audits, Compliance","Attention to detail, Integrity",2-4,4-7,7-11,Good,"Retail chains, import-export, manufacturing"
C296,Retail,Customer Service Manager,Bachelor's,Any stream,Any degree + experience,Internal promotion,5-7,"Customer Service, Team Management, Complaint Resolution, Training","Patience, Communication, Leadership",2-5,5-9,9-15,Good,"Retail, e-commerce, call centers, hospitality"
C297,Retail,Sales Associate,12th/Graduate,Any stream,12th/Graduate,Walk-in,0-2,"Sales, Product Knowledge, Customer Service, POS","Communication, Persuasion",1-3,3-5,5-8,Stable,"All retail stores, showrooms, malls"
C298,Retail,Retail Operations Manager,Bachelor's,Any stream,BBA/MBA,Internal/experience,5-8,"Operations, Process Improvement, Store Openings, Compliance","Leadership, Efficiency",4-8,8-15,15-22,Good,"Retail chains, franchise networks"
C299,Retail,Private Label Manager,Bachelor's/MBA,Any stream,MBA Marketing,Experience,5-8,"Product Development, Sourcing, Branding, P&L Management","Strategic, Entrepreneurial",5-10,10-18,18-28,Good,"E-commerce, retail chains, FMCG"
C300,Retail,Retail Trainer,Bachelor's,Any stream,Training certification + exp,Experience,4-7,"Training Delivery, Content Development, Sales Coaching, Assessment","Communication, Patience",3-6,6-10,10-15,Good,"Retail chains, training institutes, consultancies"
